group	name	parent	label	depth	title	meaning	ALL	
seafood	SeafoodMaterialMenu	animal material	{organism} material	0	{organism} material	FOODON:03420164	TRUE	
seafood	SeafoodMaterialMenu	{organism} material	{organism} food product	1	. . {organism} food product	FOODON:00004242		
seafood	SeafoodMaterialMenu	{organism} material	{organism} milt	1	. . {organism} milt	FOODON:02010334		
seafood	SeafoodMaterialMenu	{organism} material	{organism} substance	1	. . {organism} substance	FOODON:02010001		
seafood	SeafoodMaterialMenu	{organism} substance	{organism} blood	2	. . {organism} blood	FOODON:02010014		
seafood	SeafoodMaterialMenu	{organism} blood	{organism} blood (raw)	3	. . . . {organism} blood (raw)	FOODON:02010015		
seafood	SeafoodMaterialMenu	{organism} material	{organism}	0	{organism}	FOODON:00003004	TRUE	
seafood	SeafoodMaterialMenu	{organism} material	{organism} (no species taxon)	0	{organism} (no species taxon)	FOODON:00003004		
seafood	SeafoodMaterialMenu	{organism}	{organism} (shell on)	1	. . {organism} (shell on)	FOODON:02022094		
seafood	SeafoodMaterialMenu	{organism} (shell on)	{organism} (shell on, raw)	2	. . . . {organism} (shell on, raw)	FOODON:02022095		
seafood	SeafoodMaterialMenu	{organism}	{organism} (shell off)	1	. . {organism} (shell off)	FOODON:02010325		
seafood	SeafoodMaterialMenu	{organism} (shell off)	{organism} (shell off, raw)	2	. . . . {organism} (shell off, raw)	FOODON:02010326		
seafood	SeafoodMaterialMenu	{organism}	live {organism}	1	. . live {organism}	FOODON:02010019		
seafood	SeafoodMaterialMenu	{organism}	{organism} carcass	1	. . {organism} carcass	FOODON:02010020		
seafood	SeafoodMaterialMenu	{organism} carcass	{organism} carcass (raw)	2	. . . . {organism} carcass (raw)	FOODON:02010021		
seafood	SeafoodMaterialMenu	{organism} material	{organism} processed carcass	0	{organism} processed carcass	FOODON:02010022		
seafood	SeafoodMaterialMenu	{organism} processed carcass	{organism} processed carcass (raw)	1	. . {organism} processed carcass (raw)	FOODON:02010023		
seafood	SeafoodMaterialMenu	{organism} processed carcass (raw)	{organism} carcass (raw, skinless)	2	. . . . {organism} carcass (raw, skinless)	FOODON:02010024		
seafood	SeafoodMaterialMenu	{organism} processed carcass	{organism} carcass (gutted)	1	. . {organism} carcass (gutted)	FOODON:02010026		
seafood	SeafoodMaterialMenu	{organism} carcass (gutted)	{organism} carcass (gutted, raw)	2	. . . . {organism} carcass (gutted, raw)	FOODON:02010322		
								
seafood	SeafoodPieceMenu	{organism} material	piece of {organism}	0	piece of {organism}	FOODON:00004332	TRUE	
seafood	SeafoodPieceMenu	piece of {organism}	piece of {organism} (raw)	1	. . piece of {organism} (raw)	FOODON:02010027	TRUE	
seafood	SeafoodPieceMenu	piece of {organism}	{organism} head	1	. . {organism} head	FOODON:02010333		
seafood	SeafoodPieceMenu	piece of {organism}	{organism} belly	1	. . {organism} belly	FOODON:02010330		
seafood	SeafoodPieceMenu	piece of {organism}	{organism} fin	1	. . {organism} fin	FOODON:02010332		
seafood	SeafoodPieceMenu	piece of {organism}	butchery cut of {organism}	1	. . butchery cut of {organism}	FOODON:03530146		
seafood	SeafoodPieceMenu	butchery cut of {organism}	butchery cut of {organism} (raw)	2	. . . . butchery cut of {organism} (raw)	FOODON:02010306		
seafood	SeafoodPieceMenu	piece of {organism}	piece of {organism} meat	1	. . piece of {organism} meat	FOODON:02010107	TRUE	
seafood	SeafoodPieceMenu	piece of {organism} meat	piece of {organism} meat (raw)	2	. . . . piece of {organism} meat (raw)	FOODON:02010108		
seafood	SeafoodPieceMenu	piece of {organism}	{organism} tail	1	. . {organism} tail	FOODON:02010137		
seafood	SeafoodPieceMenu	{organism} tail	{organism} tail (raw)	2	. . . . {organism} tail (raw)	FOODON:02010152		
seafood	SeafoodPieceMenu	piece of {organism} meat	{organism} fillet	2	. . {organism} fillet	FOODON:02010016		
seafood	SeafoodPieceMenu	{organism} fillet	{organism} fillet (raw)	3	. . . . {organism} fillet (raw)	FOODON:02010017		
seafood	SeafoodPieceMenu	{organism} fillet	{organism} fillet (skinless)	3	. . . . {organism} fillet (skinless)	FOODON:02021802		
seafood	SeafoodPieceMenu	{organism} fillet (skinless)	{organism} fillet (skinless, raw)	4	. . . . . . {organism} fillet (skinless, raw)	FOODON:02021803		
seafood	SeafoodPieceMenu	{organism} fillet	{organism} fillet (with skin)	3	. . . . {organism} fillet (with skin)	FOODON:02021805		
seafood	SeafoodPieceMenu	{organism} fillet (with skin)	{organism} fillet (with skin, raw)	4	. . . . . . {organism} fillet (with skin, raw)	FOODON:02021806		
seafood	SeafoodPieceMenu	{organism} fillet	{organism} steak	3	. . . . {organism} steak	FOODON:02010310		
seafood	SeafoodPieceMenu	{organism} steak	{organism} steak (raw)	4	. . . . . . {organism} steak (raw)	FOODON:02010311		
seafood	SeafoodPieceMenu	{organism} fillet	{organism} cheek	3	. . . . {organism} cheek	FOODON:02010331		
seafood	SeafoodPieceMenu	{organism} material	piece(s) of {organism}	0	piece(s) of {organism}	FOODON:00004335		
seafood	SeafoodPieceMenu	piece(s) of {organism}	piece(s) of {organism} (raw)	1	. . piece(s) of {organism} (raw)	FOODON:02010328		
seafood	SeafoodPieceMenu	piece(s) of {organism}	piece(s) of {organism} meat	1	. . piece(s) of {organism} meat	FOODON:02010216		
seafood	SeafoodPieceMenu	piece(s) of {organism} meat	piece(s) of {organism} meat (raw)	2	. . . . piece(s) of {organism} meat (raw)	FOODON:02010217		
seafood	SeafoodPieceMenu	piece(s) of {organism} meat	piece(s) of {organism} meat (boneless)	2	. . . . piece(s) of {organism} meat (boneless)	FOODON:02010222		
seafood	SeafoodPieceMenu	piece(s) of {organism} meat (boneless)	{organism} meat (ground)	3	. . . . . . {organism} meat (ground)	FOODON:02010223		
seafood	SeafoodPieceMenu	{organism} meat (ground)	{organism} meat (ground, raw)	4	. . . . . . . . {organism} meat (ground, raw)	FOODON:02010224		
								
seafood	SeafoodOrganMenu	piece of {organism}	{organism} organ	0	{organism} organ	FOODON:00004436		
seafood	SeafoodOrganMenu	{organism} organ	{organism} organ (raw)	1	. . {organism} organ (raw)	FOODON:02010058		
seafood	SeafoodOrganMenu	{organism} organ	{organism} heart	1	. . {organism} heart	FOODON:02010042		
seafood	SeafoodOrganMenu	{organism} heart	{organism} heart (raw)	2	. . . . {organism} heart (raw)	FOODON:02010059		
seafood	SeafoodOrganMenu	{organism} organ	{organism} brain	1	. . {organism} brain	FOODON:02010043		
seafood	SeafoodOrganMenu	{organism} brain	{organism} brain (raw)	2	. . . . {organism} brain (raw)	FOODON:02010060		
seafood	SeafoodOrganMenu	{organism} organ	{organism} kidney	1	. . {organism} kidney	FOODON:02010044		
seafood	SeafoodOrganMenu	{organism} kidney	{organism} kidney (raw)	2	. . . . {organism} kidney (raw)	FOODON:02010061		
seafood	SeafoodOrganMenu	{organism} organ	{organism} liver	1	. . {organism} liver	FOODON:02010045		
seafood	SeafoodOrganMenu	{organism} liver	{organism} liver (raw)	2	. . . . {organism} liver (raw)	FOODON:02010062		
seafood	SeafoodOrganMenu	{organism} roe	{organism} roe (fish)	1	. . {organism} roe (fish)	FOODON:02010003		
seafood	SeafoodOrganMenu	{organism} roe	{organism} roe (crustacean)	1	. . {organism} roe (crustacean)	FOODON:02010337		
seafood	SeafoodOrganMenu	{organism} roe	{organism} roe (raw)	1	. . . . {organism} roe (raw)	FOODON:02020000		
seafood	SeafoodOrganMenu	{organism} organ	{organism} eye	1	. . {organism} eye	FOODON:02010324		
seafood	SeafoodOrganMenu	{organism} eye	{organism} eye (raw)	2	. . . . {organism} eye (raw)	FOODON:02010327		
seafood	SeafoodOrganMenu	{organism} organ	{organism} tentacle	1	. . {organism} tentacle	FOODON:02010336		
seafood	SeafoodOrganMenu	{organism} tentacle	{organism} tentacle (raw)	2	. . . . {organism} tentacle (raw)	FOODON:02010335		
seafood	SeafoodOrganMenu	piece of {organism} 	piece of {organism} organ	0	piece of {organism} organ	FOODON:02010074		
seafood	SeafoodOrganMenu	piece of {organism} organ	piece of {organism} organ (raw)	1	. . piece of {organism} organ (raw)	FOODON:02010090		
seafood	SeafoodOrganMenu	piece of {organism} organ	piece of {organism} skin	1	. . piece of {organism} skin	FOODON:02010075		
seafood	SeafoodOrganMenu	piece of {organism} skin	piece of {organism} skin (raw)	2	. . . . piece of {organism} skin (raw)	FOODON:02010091		
								
								
	name	parent	label	depth	title	meaning	ALL	
animal	GeneralAnimalMenu	animal material	{organism_base} material	0	{organism_base} material	FOODON:03420164	TRUE	
animal	GeneralAnimalMenu	animal food product	{organism} food product	0	{organism} food product	FOODON:00004242		
animal	GeneralAnimalMenu	animal material	{organism_base}	0	{organism_base}	FOODON:00003004	TRUE	
animal	GeneralAnimalMenu	animal material	{organism_base} (no species taxon)	0	{organism_base} (no species taxon)	FOODON:00003004	TRUE	
animal	GeneralAnimalMenu	{organism} 	live {organism}	0	live {organism}	FOODON:02010019	TRUE	
animal	GeneralAnimalMenu	{organism_base}	{organism_base} carcass	1	. . {organism_base} carcass	FOODON:02010020	TRUE	
animal	GeneralAnimalMenu	{organism_base} carcass	{organism_base} carcass (raw)	2	. . . . {organism_base} carcass (raw)	FOODON:02010021		
animal	GeneralAnimalMenu	{organism_base} material	piece of {organism_base}	0	piece of {organism_base}	FOODON:00004332	TRUE	
animal	GeneralAnimalMenu	piece of {organism_base}	piece of {organism_base} (raw)	1	. . piece of {organism_base} (raw)	FOODON:02010027		
animal	GeneralAnimalMenu	piece of {organism_base}	piece of {organism} (with skin)	1	. . piece of {organism} (with skin)	FOODON:02010028		
animal	GeneralAnimalMenu	piece of {organism} (with skin)	piece of {organism} (with skin, raw)	2	. . . . piece of {organism} (with skin, raw)	FOODON:02010030		
animal	GeneralAnimalMenu	piece of {organism_base}	piece of {organism} (skinless)	1	. . piece of {organism} (skinless)	FOODON:02010029		
animal	GeneralAnimalMenu	piece of {organism} (skinless)	piece of {organism} (skinless, raw)	2	. . . . piece of {organism} (skinless, raw)	FOODON:02010031		
animal	GeneralAnimalMenu	piece of {organism_base}	{organism_base} processed carcass	0	{organism_base} processed carcass	FOODON:02010022		
animal	GeneralAnimalMenu	{organism_base} processed carcass	{organism_base} processed carcass (raw)	1	. . {organism_base} processed carcass (raw)	FOODON:02010023		
animal	GeneralAnimalMenu	{organism_base} processed carcass (raw)	{organism_base} carcass (raw, skinless)	2	. . . . {organism_base} carcass (raw, skinless)	FOODON:02010024		
animal	GeneralAnimalMenu	{organism_base} processed carcass	{organism_base} carcass (butchered)	1	. . {organism_base} carcass (butchered)	FOODON:02010025		
animal	GeneralAnimalMenu	{organism_base} carcass (butchered)	{organism_base} carcass (butchered, raw)	2	. . . . {organism_base} carcass (butchered, raw)	FOODON:02010321		
animal	GeneralAnimalMenu	{organism_base} processed carcass	{organism_base} carcass (gutted)	1	. . {organism_base} carcass (gutted)	FOODON:02010026		
animal	GeneralAnimalMenu	{organism_base} carcass (gutted)	{organism_base} carcass (gutted, raw)	2	. . . . {organism_base} carcass (gutted, raw)	FOODON:02010322		
animal	GeneralAnimalMenu	{organism_base} processed carcass	{organism_base} carcass (with giblets)	1	. . {organism_base} carcass (with giblets)	FOODON:02020003		
animal	GeneralAnimalMenu	{organism_base} processed carcass	{organism_base} carcass (with giblets, raw)	1	. . {organism_base} carcass (with giblets, raw)	FOODON:02020004		
animal	GeneralAnimalMenu	{organism_base} processed carcass	{organism_base} carcass (with giblets and neck)	1	. . {organism_base} carcass (with giblets and neck)	FOODON:02020005		
animal	GeneralAnimalMenu	{organism_base} processed carcass	{organism_base} carcass (with giblets and neck, raw)	1	. . {organism_base} carcass (with giblets and neck, raw)	FOODON:02020006		
animal	GeneralAnimalMenu	{organism_base}	{organism_base} (shell on)	1	. . {organism_base} (shell on)	FOODON:02022094		DESTINED FOR SEAFOOD
animal	GeneralAnimalMenu	{organism_base} (shell on)	{organism_base} (shell on, raw)	2	. . . . {organism_base} (shell on, raw)	FOODON:02022095		DESTINED FOR SEAFOOD
animal	GeneralAnimalMenu	piece of {organism_base}	{organism_base} (shell off)	1	. . {organism_base} (shell off)	FOODON:02010325		DESTINED FOR SEAFOOD
animal	GeneralAnimalMenu	{organism_base} (shell off)	{organism_base} (shell off, raw)	2	. . . . {organism_base} (shell off, raw)	FOODON:02010326		DESTINED FOR SEAFOOD
animal	GeneralAnimalMenu	embryonic structure	{organism} egg	0	{organism} egg	FOODON:02010002		
animal	GeneralAnimalMenu	{organism} egg	{organism} egg (raw)	1	. . {organism} egg (raw)	FOODON:02010004		
animal	GeneralAnimalMenu	animal egg (shell on)|{organism} egg	{organism} egg (shell on)	1	. . {organism} egg (shell on)	FOODON:02010005		
animal	GeneralAnimalMenu	{organism} egg (shell on)	{organism} egg (shell on, raw)	2	. . . . {organism} egg (shell on, raw)	FOODON:02010006		
animal	GeneralAnimalMenu	animal egg	{organism} roe	1	. . {organism} roe	FOODON:02010003		DESTINED FOR SEAFOOD
animal	GeneralAnimalMenu	{organism} roe	{organism} roe (raw)	2	. . . . {organism} roe (raw)	FOODON:02020000		DESTINED FOR SEAFOOD
animal	GeneralAnimalMenu	{organism_base} material|organism substance	{organism_base} substance	0	{organism_base} substance	FOODON:02010001		
animal	GeneralAnimalMenu	{organism} substance	{organism} egg white	1	. . {organism} egg white	FOODON:02020001		
animal	GeneralAnimalMenu	{organism} egg white	{organism} egg white (raw)	2	. . . . {organism} egg white (raw)	FOODON:02020002		
animal	GeneralAnimalMenu	{organism} substance	{organism} egg yolk	1	. . {organism} egg yolk	FOODON:02010009		
animal	GeneralAnimalMenu	{organism} egg yolk	{organism} egg yolk (raw)	2	. . . . {organism} egg yolk (raw)	FOODON:02010010		
animal	GeneralAnimalMenu	{organism} substance	{organism} eggshell	1	. . {organism} eggshell	FOODON:02010011		
animal	GeneralAnimalMenu	{organism_base} substance	{organism} milk	1	. . {organism} milk	FOODON:02010012		
animal	GeneralAnimalMenu	{organism} milk	{organism} milk (raw)	2	. . . . {organism} milk (raw)	FOODON:02010013		
animal	GeneralAnimalMenu	{organism_base} substance	{organism} blood	1	. . {organism} blood	FOODON:02010014		
animal	GeneralAnimalMenu	{organism} blood	{organism} blood (raw)	2	. . . . {organism} blood (raw)	FOODON:02010015		
								
animal	AnimalAnatomyMenu	piece of {organism} meat	{organism} thigh	0	{organism} thigh	FOODON:02010123		
animal	AnimalAnatomyMenu	{organism} thigh	{organism} thigh (raw)	1	. . {organism} thigh (raw)	FOODON:02010138		
animal	AnimalAnatomyMenu	{organism} thigh	{organism} thigh (skinless)	1	. . {organism} thigh (skinless)	FOODON:02010153		
animal	AnimalAnatomyMenu	{organism} thigh (skinless)	{organism} thigh (skinless, raw)	2	. . . . {organism} thigh (skinless, raw)	FOODON:02020011		
animal	AnimalAnatomyMenu	{organism} thigh (skinless)	{organism} thigh (skinless, with bone)	2	. . . . {organism} thigh (skinless, with bone)	FOODON:02010154		
animal	AnimalAnatomyMenu	{organism} thigh (skinless)	{organism} thigh (skinless, boneless)	2	. . . . {organism} thigh (skinless, boneless)	FOODON:02020012		
animal	AnimalAnatomyMenu	{organism} thigh (skinless, boneless)	{organism} thigh (skinless, boneless, raw)	3	. . . . . . {organism} thigh (skinless, boneless, raw)	FOODON:02020013		
animal	AnimalAnatomyMenu	{organism} thigh	{organism} thigh (with skin)	1	. . {organism} thigh (with skin)	FOODON:02010155		
animal	AnimalAnatomyMenu	{organism} thigh (with skin)	{organism} thigh (with skin, raw)	2	. . . . {organism} thigh (with skin, raw)	FOODON:02020014		
animal	AnimalAnatomyMenu	{organism} thigh (with skin)	{organism} thigh (with skin, with bone)	2	. . . . {organism} thigh (with skin, with bone)	FOODON:02010156		
animal	AnimalAnatomyMenu	piece of {organism} meat	{organism} breast	0	{organism} breast	FOODON:02010124		
animal	AnimalAnatomyMenu	{organism} breast	{organism} breast (raw)	1	. . {organism} breast (raw)	FOODON:02010139		
animal	AnimalAnatomyMenu	{organism} breast	{organism} breast (skinless)	1	. . {organism} breast (skinless)	FOODON:02020015		
animal	AnimalAnatomyMenu	{organism} breast (skinless)	{organism} breast (skinless, raw)	2	. . . . {organism} breast (skinless, raw)	FOODON:02020016		
animal	AnimalAnatomyMenu	{organism} breast	{organism} breast (with skin)	1	. . {organism} breast (with skin)	FOODON:02020017		
animal	AnimalAnatomyMenu	{organism} breast (with skin)	{organism} breast (with skin, raw)	2	. . . . {organism} breast (with skin, raw)	FOODON:02020018		
animal	AnimalAnatomyMenu	{organism} breast (skinless)	{organism} breast (skinless, boneless)	2	. . . . {organism} breast (skinless, boneless)	FOODON:02020019		
animal	AnimalAnatomyMenu	{organism} breast (skinless, boneless)	{organism} breast (skinless, boneless, raw)	3	. . . . . . {organism} breast (skinless, boneless, raw)	FOODON:02020020		
animal	AnimalAnatomyMenu	{organism} breast 	{organism} breast (bone-in)	1	. . {organism} breast (bone-in)	FOODON:02022209		
animal	AnimalAnatomyMenu	{organism} breast (bone-in)	{organism} breast (bone-in, raw)	2	. . . . {organism} breast (bone-in, raw)	FOODON:02022210		
animal	AnimalAnatomyMenu	piece of {organism} meat	{organism} drumstick	0	{organism} drumstick	FOODON:02010125		
animal	AnimalAnatomyMenu	{organism} drumstick	{organism} drumstick (raw)	1	. . {organism} drumstick (raw)	FOODON:02010140		
animal	AnimalAnatomyMenu	{organism} drumstick	{organism} drumstick (skinless)	1	. . {organism} drumstick (skinless)	FOODON:02020021		
animal	AnimalAnatomyMenu	{organism} drumstick (skinless)	{organism} drumstick (skinless, raw)	2	. . . . {organism} drumstick (skinless, raw)	FOODON:02020022		
animal	AnimalAnatomyMenu	{organism} drumstick	{organism} drumstick (with skin)	1	. . {organism} drumstick (with skin)	FOODON:02020023		
animal	AnimalAnatomyMenu	{organism} drumstick (with skin)	{organism} drumstick (with skin, raw)	2	. . . . {organism} drumstick (with skin, raw)	FOODON:02020024		
animal	AnimalAnatomyMenu	piece of {organism} meat	{organism} wing	0	{organism} wing	FOODON:02010126		
animal	AnimalAnatomyMenu	{organism} wing	{organism} wing (raw)	1	. . {organism} wing (raw)	FOODON:02010141		
animal	AnimalAnatomyMenu	{organism} wing	{organism} wing (skinless)	1	. . {organism} wing (skinless)	FOODON:02020025		
animal	AnimalAnatomyMenu	{organism} wing (skinless)	{organism} wing (skinless, raw)	2	. . . . {organism} wing (skinless, raw)	FOODON:02020026		
animal	AnimalAnatomyMenu	{organism} wing	{organism} wing (with skin)	1	. . {organism} wing (with skin)	FOODON:02020027		
animal	AnimalAnatomyMenu	{organism} wing (with skin)	{organism} wing (with skin, raw)	2	. . . . {organism} wing (with skin, raw)	FOODON:02020028		
animal	AnimalAnatomyMenu	piece of {organism} meat	{organism} leg	0	{organism} leg	FOODON:02010130		
animal	AnimalAnatomyMenu	{organism} leg	{organism} leg (raw)	1	. . {organism} leg (raw)	FOODON:02010145		
animal	AnimalAnatomyMenu	{organism} leg	{organism} leg (skinless)	1	. . {organism} leg (skinless)	FOODON:02020029		
animal	AnimalAnatomyMenu	{organism} leg (skinless)	{organism} leg (skinless, raw)	2	. . . . {organism} leg (skinless, raw)	FOODON:02020030		
animal	AnimalAnatomyMenu	{organism} leg	{organism} leg (with skin)	1	. . {organism} leg (with skin)	FOODON:02020031		
animal	AnimalAnatomyMenu	{organism} leg (with skin)	{organism} leg (with skin, raw)	2	. . . . {organism} leg (with skin, raw)	FOODON:02020032		
animal	AnimalAnatomyMenu	piece of {organism} meat	{organism} neck	0	{organism} neck	FOODON:02010128		
animal	AnimalAnatomyMenu	{organism} neck	{organism} neck (raw)	1	. . {organism} neck (raw)	FOODON:02010143		
animal	AnimalAnatomyMenu	piece of {organism} meat	{organism} back	0	{organism} back	FOODON:02010129		
animal	AnimalAnatomyMenu	{organism} back	{organism} back (raw)	1	. . {organism} back (raw)	FOODON:02010144		
animal	AnimalAnatomyMenu	piece of {organism} meat	{organism} foot	0	{organism} foot	FOODON:02010127		
animal	AnimalAnatomyMenu	{organism} foot	{organism} foot (raw)	1	. . {organism} foot (raw)	FOODON:02010142		
animal	AnimalAnatomyMenu	piece of {organism_base}	{organism} fat	0	{organism} fat	FOODON:02010033		
animal	AnimalAnatomyMenu	{organism} fat	{organism} fat (raw)	1	. . {organism} fat (raw)	FOODON:02010036		
animal	AnimalAnatomyMenu	{organism} fat	{organism} external fat	1	. . {organism} external fat	FOODON:02010034		
animal	AnimalAnatomyMenu	{organism} external fat	{organism} external fat (raw)	2	. . . . {organism} external fat (raw)	FOODON:02010037		
animal	AnimalAnatomyMenu	{organism} fat	{organism} seam fat	1	. . {organism} seam fat	FOODON:02010035		
animal	AnimalAnatomyMenu	{organism} seam fat	{organism} seam fat (raw)	2	. . . . {organism} seam fat (raw)	FOODON:02010038		
animal	AnimalAnatomyMenu	piece of {organism_base}	{organism} blubber	1	. . {organism} blubber	FOODON:02010039		DESTINED FOR SEAFOOD?
								
animal	ButcheryMenu	piece of {organism_base}	butchery cut of {organism}	0	butchery cut of {organism}	FOODON:03530146	TRUE	
animal	ButcheryMenu	butchery cut of {organism}	butchery cut of {organism} (raw)	1	. . butchery cut of {organism} (raw)	FOODON:02010306		
animal	ButcheryMenu	piece of {organism_base}	{organism} muscle tissue cut	1	. . {organism} muscle tissue cut	FOODON:02010032		
animal	ButcheryMenu	butchery cut of {organism}	{organism} primal cut	1	. . {organism} primal cut	FOODON:00001567		
animal	ButcheryMenu	{organism} primal cut	{organism} primal cut (raw)	2	. . . . {organism} primal cut (raw)	FOODON:02010307		
animal	ButcheryMenu	butchery cut of {organism}	{organism} sub-primal cut	1	. . {organism} sub-primal cut	FOODON:00004337		
animal	ButcheryMenu	{organism} sub-primal cut	{organism} sub-primal cut (raw)	2	. . . . {organism} sub-primal cut (raw)	FOODON:02010308		
animal	ButcheryMenu	butchery cut of {organism}	{organism} retail cut	1	. . {organism} retail cut	FOODON:00004338		
animal	ButcheryMenu	{organism} retail cut	{organism} retail cut (raw)	2	. . . . {organism} retail cut (raw)	FOODON:02010309		
animal	ButcheryMenu	{organism} retail cut	{organism} steak	2	. . . . {organism} steak	FOODON:02010310		
animal	ButcheryMenu	{organism} steak	{organism} steak (raw)	3	. . . . . . {organism} steak (raw)	FOODON:02010311		
animal	ButcheryMenu	{organism} retail cut	{organism} roast	2	. . . . {organism} roast	FOODON:02010312		
animal	ButcheryMenu	{organism} roast	{organism} roast (raw)	3	. . . . . . {organism} roast (raw)	FOODON:02010313		
animal	ButcheryMenu	{organism} roast	{organism} roast (boneless)	3	. . . . . . {organism} roast (boneless)	FOODON:02010314		
animal	ButcheryMenu	{organism} roast (boneless)	{organism} roast (boneless, raw)	4	. . . . . . . . {organism} roast (boneless, raw)	FOODON:02010315		
animal	ButcheryMenu	{organism} roast (boneless)	{organism} roast (boneless, seasoned, fresh frozen)	4	. . . . . . . . {organism} roast (boneless, seasoned, fresh frozen)	FOODON:02020036		TOO SPECIFIC?
animal	ButcheryMenu	{organism} retail cut	{organism} chop	2	. . . . {organism} chop	FOODON:02010317		
animal	ButcheryMenu	{organism} chop	{organism} chop (raw)	3	. . . . . . {organism} chop (raw)	FOODON:02010318		
animal	ButcheryMenu	{organism} chop	{organism} chop (boneless)	3	. . . . . . {organism} chop (boneless)	FOODON:02010319		
animal	ButcheryMenu	{organism} chop (boneless)	{organism} chop (boneless, raw)	4	. . . . . . . . {organism} chop (boneless, raw)	FOODON:02010320		
animal	ButcheryMenu	piece of {organism_base}	piece of {organism} meat	0	piece of {organism} meat	FOODON:02010107	TRUE	
animal	ButcheryMenu	piece of {organism} meat	piece of {organism} meat (raw)	1	. . piece of {organism} meat (raw)	FOODON:02010108		
animal	ButcheryMenu	piece of {organism} meat	piece of {organism} meat (skinless)	1	. . piece of {organism} meat (skinless)	FOODON:02010109		
animal	ButcheryMenu	piece of {organism} meat (skinless)	piece of {organism} meat (skinless, raw)	2	. . . . piece of {organism} meat (skinless, raw)	FOODON:02010110		
animal	ButcheryMenu	piece of {organism} meat	piece of {organism} meat (with skin)	1	. . piece of {organism} meat (with skin)	FOODON:02010111		
animal	ButcheryMenu	piece of {organism} meat (with skin)	piece of {organism} meat (with skin, raw)	2	. . . . piece of {organism} meat (with skin, raw)	FOODON:02010112		
animal	ButcheryMenu	piece of {organism} meat	piece of {organism} meat (with bone)	1	. . piece of {organism} meat (with bone)	FOODON:02010116		
animal	ButcheryMenu	piece of {organism} meat (with bone)	piece of {organism} meat (with bone, raw)	2	. . . . piece of {organism} meat (with bone, raw)	FOODON:02010117		
animal	ButcheryMenu	piece of {organism} meat	piece of {organism} meat (boneless)	1	. . piece of {organism} meat (boneless)	FOODON:02010113		
animal	ButcheryMenu	piece of {organism} meat (boneless)	piece of {organism} meat (boneless, raw)	2	. . . . piece of {organism} meat (boneless, raw)	FOODON:02020009		
animal	ButcheryMenu	piece of {organism} meat (boneless)	piece of {organism} meat (cubed)	2	. . . . piece of {organism} meat (cubed)	FOODON:02010114		
animal	ButcheryMenu	piece of {organism} meat (cubed)	piece of {organism} meat (cubed, raw)	3	. . . . . . piece of {organism} meat (cubed, raw)	FOODON:02010115		
animal	ButcheryMenu	piece of {organism} meat (boneless)	piece of {organism} meat (deboned)	2	. . . . piece of {organism} meat (deboned)	FOODON:02010118		
animal	ButcheryMenu	piece of {organism} meat (deboned)	piece of {organism} meat (deboned, raw)	3	. . . . . . piece of {organism} meat (deboned, raw)	FOODON:02020010		
animal	ButcheryMenu	piece of {organism} meat (deboned)	piece of {organism} meat (mechanically deboned)	3	. . . . . . piece of {organism} meat (mechanically deboned)	FOODON:02010119		
animal	ButcheryMenu	piece of {organism} meat (mechanically deboned)	piece of {organism} meat (mechanically deboned, raw)	4	. . . . . . . . piece of {organism} meat (mechanically deboned, raw)	FOODON:02010120		
animal	ButcheryMenu	piece of {organism} meat (mechanically deboned)	piece of {organism} meat (mechanically deboned, with skin, raw)	4	. . . . . . . . piece of {organism} meat (mechanically deboned, with skin, raw)	FOODON:02010121		
animal	ButcheryMenu	piece of {organism} meat (mechanically deboned)	piece of {organism} meat (mechanically deboned, skinless, raw)	4	. . . . . . . . piece of {organism} meat (mechanically deboned, skinless, raw)	FOODON:02010122		
animal	ButcheryMenu	butchery cut of {organism}	{organism} fillet	0	{organism} fillet	FOODON:02010016		
animal	ButcheryMenu	{organism} fillet	{organism} fillet (raw)	1	. . {organism} fillet (raw)	FOODON:02010017		
animal	ButcheryMenu	{organism} fillet	{organism} fillet (skinless)	1	. . {organism} fillet (skinless)	FOODON:02021802		
animal	ButcheryMenu	{organism} fillet (skinless)	{organism} fillet (skinless, raw)	2	. . . . {organism} fillet (skinless, raw)	FOODON:02021803		
animal	ButcheryMenu	{organism} fillet	{organism} fillet (with skin)	1	. . {organism} fillet (with skin)	FOODON:02021805		
animal	ButcheryMenu	{organism} fillet (with skin)	{organism} fillet (with skin, raw)	2	. . . . {organism} fillet (with skin, raw)	FOODON:02021806		
animal	ButcheryMenu	piece of {organism} meat	piece of dark {organism} meat	0	piece of dark {organism} meat	FOODON:02010203		
animal	ButcheryMenu	piece of dark {organism} meat	piece of dark {organism} meat (raw)	1	. . piece of dark {organism} meat (raw)	FOODON:02010204		
animal	ButcheryMenu	piece of dark {organism} meat	piece of dark {organism} meat (with skin)	1	. . piece of dark {organism} meat (with skin)	FOODON:02010205		
animal	ButcheryMenu	piece of {organism} meat (with skin)	piece of dark {organism} meat (with skin, raw)	1	. . piece of dark {organism} meat (with skin, raw)	FOODON:02010206		
animal	ButcheryMenu	piece of dark {organism} meat	piece of dark {organism} meat (skinless)	1	. . piece of dark {organism} meat (skinless)	FOODON:02010207		
animal	ButcheryMenu	piece of dark {organism} meat (skinless)	piece of dark {organism} meat (skinless, raw)	1	. . piece of dark {organism} meat (skinless, raw)	FOODON:02010208		
animal	ButcheryMenu	piece of {organism} meat	piece of light {organism} meat	0	piece of light {organism} meat	FOODON:02010209		
animal	ButcheryMenu	piece of light {organism} meat	piece of light {organism} meat (raw)	1	. . piece of light {organism} meat (raw)	FOODON:02010210		
animal	ButcheryMenu	piece of light {organism} meat	piece of light {organism} meat (with skin)	1	. . piece of light {organism} meat (with skin)	FOODON:02010211		
animal	ButcheryMenu	piece of light {organism} meat (with skin)	piece of light {organism} meat (with skin, raw)	1	. . piece of light {organism} meat (with skin, raw)	FOODON:02010212		
animal	ButcheryMenu	piece of light {organism} meat	piece of light {organism} meat (skinless)	1	. . piece of light {organism} meat (skinless)	FOODON:02010213		
animal	ButcheryMenu	piece of light {organism} meat (skinless)	piece of light {organism} meat (skinless, raw)	1	. . piece of light {organism} meat (skinless, raw)	FOODON:02010214		
animal	ButcheryMenu	{organism_base} material	piece(s) of {organism_base}	0	piece(s) of {organism_base}	FOODON:00004335	TRUE	
animal	ButcheryMenu	piece(s) of {organism_base}	piece(s) of {organism_base} (raw)	1	. . piece(s) of {organism_base} (raw)	FOODON:02010328		
animal	ButcheryMenu	piece(s) of {organism_base}	piece(s) of {organism} meat	0	piece(s) of {organism} meat	FOODON:02010216	TRUE	
animal	ButcheryMenu	piece(s) of {organism} meat	piece(s) of {organism} meat (raw)	1	. . piece(s) of {organism} meat (raw)	FOODON:02010217		
animal	ButcheryMenu	piece(s) of {organism} meat	piece(s) of {organism} meat (frozen)	1	. . piece(s) of {organism} meat (frozen)	FOODON:02010231		
animal	ButcheryMenu	piece(s) of {organism} meat	piece(s) of {organism} meat (with skin)	1	. . piece(s) of {organism} meat (with skin)	FOODON:02010218		
animal	ButcheryMenu	piece(s) of {organism} meat	piece(s) of {organism} meat (skinless)	1	. . piece(s) of {organism} meat (skinless)	FOODON:02010219		
animal	ButcheryMenu	piece(s) of {organism} meat (skinless)	piece(s) of {organism} meat (skinless, raw)	2	. . . . piece(s) of {organism} meat (skinless, raw)	FOODON:02010220		
animal	ButcheryMenu	piece(s) of {organism} meat (with skin)	piece(s) of {organism} meat (with skin, raw)	2	. . . . piece(s) of {organism} meat (with skin, raw)	FOODON:02010221		
animal	ButcheryMenu	piece(s) of {organism} meat	piece(s) of {organism} meat (boneless)	1	. . piece(s) of {organism} meat (boneless)	FOODON:02010222		
animal	ButcheryMenu	piece(s) of {organism} meat (boneless)	piece(s) of {organism} meat (deboned)	2	. . . . piece(s) of {organism} meat (deboned)	FOODON:02010226		
animal	ButcheryMenu	piece(s) of {organism} meat (deboned)	piece(s) of {organism} meat (deboned, raw)	3	. . . . . . piece(s) of {organism} meat (deboned, raw)	FOODON:02010227		
animal	ButcheryMenu	piece(s) of {organism} meat (deboned)	piece(s) of {organism} meat (mechanically deboned)	3	. . . . . . piece(s) of {organism} meat (mechanically deboned)	FOODON:02010228		
animal	ButcheryMenu	piece(s) of {organism} meat (mechanically deboned)	piece(s) of {organism} meat (mechanically deboned, raw)	4	. . . . . . . . piece(s) of {organism} meat (mechanically deboned, raw)	FOODON:02010229		
animal								
animal	ButcheryMenu	piece(s) of {organism} meat (boneless)	{organism} meat (ground)	0	{organism} meat (ground)	FOODON:02010223		
animal	ButcheryMenu	{organism} meat (ground)	{organism} meat (ground, raw)	1	. . {organism} meat (ground, raw)	FOODON:02010224		
animal	ButcheryMenu	{organism} meat (ground)	{organism} meat (ground, fresh frozen)	1	. . {organism} meat (ground, fresh frozen)	FOODON:02020033		
animal	ButcheryMenu	piece(s) of {organism} meat (boneless)	{organism} meat (minced)	2	. . . . {organism} meat (minced)	FOODON:02010233		
animal	ButcheryMenu	{organism} meat (minced)	{organism} meat (minced, raw)	3	. . . . . . {organism} meat (minced, raw)	FOODON:02020034		
animal	ButcheryMenu	{organism} meat (minced)	{organism} meat (ground, lean)	3	. . . . . . {organism} meat (ground, lean)	FOODON:02010236		
animal	ButcheryMenu	{organism} meat (minced)	{organism} meat (ground, extra lean)	3	. . . . . . {organism} meat (ground, extra lean)	FOODON:02020035		
animal	ButcheryMenu	{organism} meat (minced)	{organism} meat (ground, medium)	3	. . . . . . {organism} meat (ground, medium)	FOODON:02010238		
animal	ButcheryMenu	{organism} meat (minced)	{organism} meat (ground, regular)	3	. . . . . . {organism} meat (ground, regular)	FOODON:02010239		
animal	ButcheryMenu	{organism} meat (minced)	{organism} meat (ground, sirloin)	3	. . . . . . {organism} meat (ground, sirloin)	FOODON:02010240		
								
								
								
animal	AnimalOrganMenu	piece of {organism_base}	{organism} organ	0	{organism} organ	FOODON:00004436	TRUE	
animal	AnimalOrganMenu	{organism} organ	{organism} organ (raw)	1	. . {organism} organ (raw)	FOODON:02010058		
animal	AnimalOrganMenu	{organism} organ	{organism} eye	1	. . {organism} eye	FOODON:02010324		
animal	AnimalOrganMenu	{organism} eye	{organism} eye (raw)	2	. . . . {organism} eye (raw)	FOODON:02010327		
animal	AnimalOrganMenu	{organism} organ	{organism} heart	1	. . {organism} heart	FOODON:02010042		
animal	AnimalOrganMenu	{organism} heart	{organism} heart (raw)	2	. . . . {organism} heart (raw)	FOODON:02010059		
animal	AnimalOrganMenu	{organism} organ	{organism} brain	1	. . {organism} brain	FOODON:02010043		
animal	AnimalOrganMenu	{organism} brain	{organism} brain (raw)	2	. . . . {organism} brain (raw)	FOODON:02010060		
animal	AnimalOrganMenu	{organism} organ	{organism} kidney	1	. . {organism} kidney	FOODON:02010044		
animal	AnimalOrganMenu	{organism} kidney	{organism} kidney (raw)	2	. . . . {organism} kidney (raw)	FOODON:02010061		
animal	AnimalOrganMenu	{organism} organ	{organism} liver	1	. . {organism} liver	FOODON:02010045		
animal	AnimalOrganMenu	{organism} liver	{organism} liver (raw)	2	. . . . {organism} liver (raw)	FOODON:02010062		
animal	AnimalOrganMenu	{organism} organ	{organism} spleen	1	. . {organism} spleen	FOODON:02010046		
animal	AnimalOrganMenu	{organism} spleen	{organism} spleen (raw)	2	. . . . {organism} spleen (raw)	FOODON:02010063		
animal	AnimalOrganMenu	{organism} organ	{organism} lung	1	. . {organism} lung	FOODON:02010047		
animal	AnimalOrganMenu	{organism} lung	{organism} lung (raw)	2	. . . . {organism} lung (raw)	FOODON:02010064		
animal	AnimalOrganMenu	{organism} organ	{organism} gizzard	1	. . {organism} gizzard	FOODON:02010048		
animal	AnimalOrganMenu	{organism} gizzard	{organism} gizzard (raw)	2	. . . . {organism} gizzard (raw)	FOODON:02010065		
animal	AnimalOrganMenu	{organism} organ	{organism} tongue	1	. . {organism} tongue	FOODON:02010049		
animal	AnimalOrganMenu	{organism} tongue	{organism} tongue (raw)	2	. . . . {organism} tongue (raw)	FOODON:02010066		
animal	AnimalOrganMenu	{organism} organ	{organism} rectum	1	. . {organism} rectum	FOODON:02010050		
animal	AnimalOrganMenu	{organism} rectum	{organism} rectum (raw)	2	. . . . {organism} rectum (raw)	FOODON:02020007		
animal	AnimalOrganMenu	{organism} organ	{organism} thymus	1	. . {organism} thymus	FOODON:02010051		
animal	AnimalOrganMenu	{organism} thymus	{organism} thymus (raw)	2	. . . . {organism} thymus (raw)	FOODON:02010067		
animal	AnimalOrganMenu	{organism} organ	{organism} pancreas	1	. . {organism} pancreas	FOODON:02010052		
animal	AnimalOrganMenu	{organism} pancreas	{organism} pancreas (raw)	2	. . . . {organism} pancreas (raw)	FOODON:02010068		
animal	AnimalOrganMenu	{organism} organ	{organism} ovary	1	. . {organism} ovary	FOODON:02010053		
animal	AnimalOrganMenu	{organism} ovary	{organism} ovary (raw)	2	. . . . {organism} ovary (raw)	FOODON:02010069		
animal	AnimalOrganMenu	{organism} organ	{organism} testicle	1	. . {organism} testicle	FOODON:02010054		
animal	AnimalOrganMenu	{organism} testicle	{organism} testicle (raw)	2	. . . . {organism} testicle (raw)	FOODON:02010070		
animal	AnimalOrganMenu	{organism} organ	{organism} stomach	1	. . {organism} stomach	FOODON:02010055		
animal	AnimalOrganMenu	{organism} stomach	{organism} stomach (raw)	2	. . . . {organism} stomach (raw)	FOODON:02010071		
animal	AnimalOrganMenu	{organism} organ	{organism} ear	1	. . {organism} ear	FOODON:02010056		
animal	AnimalOrganMenu	{organism} ear	{organism} ear (raw)	2	. . . . {organism} ear (raw)	FOODON:02010072		
animal	AnimalOrganMenu	{organism} organ	{organism} small intestine	1	. . {organism} small intestine	FOODON:02010057		
animal	AnimalOrganMenu	{organism} small intestine	{organism} small intestine (raw)	2	. . . . {organism} small intestine (raw)	FOODON:02010073		
animal	AnimalOrganMenu	{organism} organ	{organism} ruminant reticulum	1	. . {organism} ruminant reticulum	FOODON:02010131		
animal	AnimalOrganMenu	{organism} ruminant reticulum	{organism} ruminant reticulum (raw)	2	. . . . {organism} ruminant reticulum (raw)	FOODON:02010146		
animal	AnimalOrganMenu	{organism} organ	{organism} rumen	1	. . {organism} rumen	FOODON:02010132		
animal	AnimalOrganMenu	{organism} rumen	{organism} rumen (raw)	2	. . . . {organism} rumen (raw)	FOODON:02010147		
animal	AnimalOrganMenu	{organism} organ	{organism} oviduct	1	. . {organism} oviduct	FOODON:02010133		
animal	AnimalOrganMenu	{organism} oviduct	{organism} oviduct (raw)	2	. . . . {organism} oviduct (raw)	FOODON:02010148		
animal	AnimalOrganMenu	{organism} organ	{organism} trachea	1	. . {organism} trachea	FOODON:02010134		
animal	AnimalOrganMenu	{organism} trachea	{organism} trachea (raw)	2	. . . . {organism} trachea (raw)	FOODON:02010149		
animal	AnimalOrganMenu	{organism} organ	{organism} parotid gland	1	. . {organism} parotid gland	FOODON:02010135		
animal	AnimalOrganMenu	{organism} parotid gland	{organism} parotid gland (raw)	2	. . . . {organism} parotid gland (raw)	FOODON:02010150		
animal	AnimalOrganMenu	{organism} organ	{organism} sublingual gland	1	. . {organism} sublingual gland	FOODON:02010136		
animal	AnimalOrganMenu	{organism} sublingual gland	{organism} sublingual gland (raw)	2	. . . . {organism} sublingual gland (raw)	FOODON:02010151		
animal	AnimalOrganMenu	{organism} organ	{organism} tail	1	. . {organism} tail	FOODON:02010137		
animal	AnimalOrganMenu	{organism} tail	{organism} tail (raw)	2	. . . . {organism} tail (raw)	FOODON:02010152		
								
animal	AnimalOrganMenu	piece of {organism_base}	piece of {organism} organ	0	piece of {organism} organ	FOODON:02010074		
animal	AnimalOrganMenu	piece of {organism} organ	piece of {organism} organ (raw)	1	. . piece of {organism} organ (raw)	FOODON:02010090		
animal	AnimalOrganMenu	piece of {organism} organ	piece of {organism} skin	1	. . piece of {organism} skin	FOODON:02010075		
animal	AnimalOrganMenu	piece of {organism} skin	piece of {organism} skin (raw)	2	. . . . piece of {organism} skin (raw)	FOODON:02010091		
animal	AnimalOrganMenu	piece of {organism} organ	piece of {organism} heart	1	. . piece of {organism} heart	FOODON:02010076		
animal	AnimalOrganMenu	piece of {organism} heart	piece of {organism} heart (raw)	2	. . . . piece of {organism} heart (raw)	FOODON:02020008		
animal	AnimalOrganMenu	piece of {organism} organ	piece of {organism} brain	1	. . piece of {organism} brain	FOODON:02010077		
animal	AnimalOrganMenu	piece of {organism} brain	piece of {organism} brain (raw)	2	. . . . piece of {organism} brain (raw)	FOODON:02010093		
animal	AnimalOrganMenu	piece of {organism} organ	piece of {organism} kidney	1	. . piece of {organism} kidney	FOODON:02010078		
animal	AnimalOrganMenu	piece of {organism} kidney	piece of {organism} kidney (raw)	2	. . . . piece of {organism} kidney (raw)	FOODON:02010094		
animal	AnimalOrganMenu	piece of {organism} organ	piece of {organism} liver	1	. . piece of {organism} liver	FOODON:02010079		
animal	AnimalOrganMenu	piece of {organism} liver	piece of {organism} liver (raw)	2	. . . . piece of {organism} liver (raw)	FOODON:02010095		
animal	AnimalOrganMenu	piece of {organism} organ	piece of {organism} spleen	1	. . piece of {organism} spleen	FOODON:02010080		
animal	AnimalOrganMenu	piece of {organism} spleen	piece of {organism} spleen (raw)	2	. . . . piece of {organism} spleen (raw)	FOODON:02010096		
animal	AnimalOrganMenu	piece of {organism} organ	piece of {organism} lung	1	. . piece of {organism} lung	FOODON:02010081		
animal	AnimalOrganMenu	piece of {organism} lung	piece of {organism} lung (raw)	2	. . . . piece of {organism} lung (raw)	FOODON:02010097		
animal	AnimalOrganMenu	piece of {organism} organ	piece of {organism} gizzard	1	. . piece of {organism} gizzard	FOODON:02010082		
animal	AnimalOrganMenu	piece of {organism} gizzard	piece of {organism} gizzard (raw)	2	. . . . piece of {organism} gizzard (raw)	FOODON:02010098		
animal	AnimalOrganMenu	piece of {organism} organ	piece of {organism} tongue	1	. . piece of {organism} tongue	FOODON:02010083		
animal	AnimalOrganMenu	piece of {organism} tongue	piece of {organism} tongue (raw)	2	. . . . piece of {organism} tongue (raw)	FOODON:02010099		
animal	AnimalOrganMenu	piece of {organism} organ	piece of {organism} thymus	1	. . piece of {organism} thymus	FOODON:02010084		
animal	AnimalOrganMenu	piece of {organism} thymus	piece of {organism} thymus (raw)	2	. . . . piece of {organism} thymus (raw)	FOODON:02010100		
animal	AnimalOrganMenu	piece of {organism} organ	piece of {organism} pancreas	1	. . piece of {organism} pancreas	FOODON:02010085		
animal	AnimalOrganMenu	piece of {organism} pancreas	piece of {organism} pancreas (raw)	2	. . . . piece of {organism} pancreas (raw)	FOODON:02010101		
animal	AnimalOrganMenu	piece of {organism} organ	piece of {organism} ovary	1	. . piece of {organism} ovary	FOODON:02010086		
animal	AnimalOrganMenu	piece of {organism} ovary	piece of {organism} ovary (raw)	2	. . . . piece of {organism} ovary (raw)	FOODON:02010102		
animal	AnimalOrganMenu	piece of {organism} organ	piece of {organism} testicle	1	. . piece of {organism} testicle	FOODON:02010087		
animal	AnimalOrganMenu	piece of {organism} testicle	piece of {organism} testicle (raw)	2	. . . . piece of {organism} testicle (raw)	FOODON:02010103		
animal	AnimalOrganMenu	piece of {organism} organ	piece of {organism} stomach	1	. . piece of {organism} stomach	FOODON:02010088		
animal	AnimalOrganMenu	piece of {organism} stomach	piece of {organism} stomach (raw)	2	. . . . piece of {organism} stomach (raw)	FOODON:02010104		
animal	AnimalOrganMenu	piece of {organism} organ	piece of {organism} ear	1	. . piece of {organism} ear	FOODON:02010089		
animal	AnimalOrganMenu	piece of {organism} ear	piece of {organism} ear (raw)	2	. . . . piece of {organism} ear (raw)	FOODON:02010105		
								
								
								
animal	PieceOfAnimalMenu	piece of {organism} meat	piece of {organism} thigh	0	piece of {organism} thigh	FOODON:02010157		
animal	PieceOfAnimalMenu	piece of {organism} thigh	piece of {organism} thigh (raw)	1	. . piece of {organism} thigh (raw)	FOODON:02010164		
animal	PieceOfAnimalMenu	piece of {organism} thigh	piece of {organism} thigh (with skin)	1	. . piece of {organism} thigh (with skin)	FOODON:02010195		
animal	PieceOfAnimalMenu	piece of {organism} thigh (with skin)	piece of {organism} thigh (with skin, raw)	2	. . . . piece of {organism} thigh (with skin, raw)	FOODON:02010196		
animal	PieceOfAnimalMenu	piece of {organism} thigh	piece of {organism} thigh (skinless)	1	. . piece of {organism} thigh (skinless)	FOODON:02010197		
animal	PieceOfAnimalMenu	piece of {organism} thigh (skinless)	piece of {organism} thigh (skinless, raw)	2	. . . . piece of {organism} thigh (skinless, raw)	FOODON:02010198		
animal	PieceOfAnimalMenu	piece(s) of {organism} meat	piece(s) of {organism} thigh	0	piece(s) of {organism} thigh	FOODON:02010274		
animal	PieceOfAnimalMenu	piece(s) of {organism} thigh	piece(s) of {organism} thigh (raw)	1	. . piece(s) of {organism} thigh (raw)	FOODON:02010281		
animal	PieceOfAnimalMenu	piece(s) of {organism} thigh	piece(s) of {organism} thigh (skinless)	1	. . piece(s) of {organism} thigh (skinless)	FOODON:02010290		
animal	PieceOfAnimalMenu	piece(s) of {organism} thigh (skinless)	piece(s) of {organism} thigh (skinless, raw)	2	. . . . piece(s) of {organism} thigh (skinless, raw)	FOODON:02010294		
animal	PieceOfAnimalMenu	piece(s) of {organism} thigh	piece(s) of {organism} thigh (with skin)	1	. . piece(s) of {organism} thigh (with skin)	FOODON:02010298		
animal	PieceOfAnimalMenu	piece(s) of {organism} thigh (with skin)	piece(s) of {organism} thigh (with skin, raw)	2	. . . . piece(s) of {organism} thigh (with skin, raw)	FOODON:02010302		
								
animal	PieceOfAnimalMenu	piece of {organism} meat	piece of {organism} breast	0	piece of {organism} breast	FOODON:02010158		
animal	PieceOfAnimalMenu	piece of {organism} breast	piece of {organism} breast (raw)	1	. . piece of {organism} breast (raw)	FOODON:02010165		
animal	PieceOfAnimalMenu	piece of {organism} breast	piece of {organism} breast (skinless)	1	. . piece of {organism} breast (skinless)	FOODON:02010185		
animal	PieceOfAnimalMenu	piece of {organism} breast (skinless)	piece of {organism} breast (skinless, raw)	2	. . . . piece of {organism} breast (skinless, raw)	FOODON:02010186		
animal	PieceOfAnimalMenu	piece of {organism} breast	piece of {organism} breast (with skin)	1	. . piece of {organism} breast (with skin)	FOODON:02010187		
animal	PieceOfAnimalMenu	piece of {organism} breast (with skin)	piece of {organism} breast (with skin, raw)	2	. . . . piece of {organism} breast (with skin, raw)	FOODON:02010188		
animal	PieceOfAnimalMenu	piece of {organism} breast (with skin)	piece of {organism} breast (with skin, boneless)	2	. . . . piece of {organism} breast (with skin, boneless)	FOODON:02010329		
animal	PieceOfAnimalMenu	piece of {organism} breast (with skin, boneless)	piece of {organism} breast (with skin, boneless, raw)	3	. . . . . . piece of {organism} breast (with skin, boneless, raw)	FOODON:02010323		
animal	PieceOfAnimalMenu	piece of {organism} breast (skinless)	piece of {organism} breast (skinless, boneless)	2	. . . . piece of {organism} breast (skinless, boneless)	FOODON:02010189		
animal	PieceOfAnimalMenu	piece of {organism} breast (skinless, boneless)	piece of {organism} breast (skinless, boneless, raw)	3	. . . . . . piece of {organism} breast (skinless, boneless, raw)	FOODON:02010190		
animal	PieceOfAnimalMenu	piece(s) of {organism} meat	piece(s) of {organism} breast	0	piece(s) of {organism} breast	FOODON:02010275		
animal	PieceOfAnimalMenu	piece(s) of {organism} breast	piece(s) of {organism} breast (raw)	1	. . piece(s) of {organism} breast (raw)	FOODON:02010282		
animal	PieceOfAnimalMenu	piece(s) of {organism} breast	piece(s) of {organism} breast (skinless)	1	. . piece(s) of {organism} breast (skinless)	FOODON:02010292		
animal	PieceOfAnimalMenu	piece(s) of {organism} breast (skinless)	piece(s) of {organism} breast (skinless, raw)	2	. . . . piece(s) of {organism} breast (skinless, raw)	FOODON:02010296		
animal	PieceOfAnimalMenu	piece(s) of {organism} breast	piece(s) of {organism} breast (with skin)	1	. . piece(s) of {organism} breast (with skin)	FOODON:02010300		
animal	PieceOfAnimalMenu	piece(s) of {organism} breast (with skin)	piece(s) of {organism} breast (with skin, raw)	2	. . . . piece(s) of {organism} breast (with skin, raw)	FOODON:02010304		
								
animal	PieceOfAnimalMenu	piece of {organism} meat	piece of {organism} drumstick	0	piece of {organism} drumstick	FOODON:02010159		
animal	PieceOfAnimalMenu	piece of {organism} drumstick	piece of {organism} drumstick (raw)	1	. . piece of {organism} drumstick (raw)	FOODON:02010166		
animal	PieceOfAnimalMenu	piece of {organism} drumstick	piece of {organism} drumstick (with skin)	1	. . piece of {organism} drumstick (with skin)	FOODON:02010177		
animal	PieceOfAnimalMenu	piece of {organism} drumstick (with skin)	piece of {organism} drumstick (with skin, raw)	2	. . . . piece of {organism} drumstick (with skin, raw)	FOODON:02010178		
animal	PieceOfAnimalMenu	piece of {organism} drumstick	piece of {organism} drumstick (skinless)	1	. . piece of {organism} drumstick (skinless)	FOODON:02010179		
animal	PieceOfAnimalMenu	piece of {organism} drumstick (skinless)	piece of {organism} drumstick (skinless, raw)	2	. . . . piece of {organism} drumstick (skinless, raw)	FOODON:02010180		
animal	PieceOfAnimalMenu	piece(s) of {organism} meat	piece(s) of {organism} drumstick	0	piece(s) of {organism} drumstick	FOODON:02010276		
animal	PieceOfAnimalMenu	piece(s) of {organism} drumstick	piece(s) of {organism} drumstick (raw)	1	. . piece(s) of {organism} drumstick (raw)	FOODON:02010283		
animal	PieceOfAnimalMenu	piece(s) of {organism} drumstick	piece(s) of {organism} drumstick (skinless)	1	. . piece(s) of {organism} drumstick (skinless)	FOODON:02010291		
animal	PieceOfAnimalMenu	piece(s) of {organism} drumstick (skinless)	piece(s) of {organism} drumstick (skinless, raw)	2	. . . . piece(s) of {organism} drumstick (skinless, raw)	FOODON:02010295		
animal	PieceOfAnimalMenu	piece(s) of {organism} drumstick	piece(s) of {organism} drumstick (with skin)	1	. . piece(s) of {organism} drumstick (with skin)	FOODON:02010299		
animal	PieceOfAnimalMenu	piece(s) of {organism} drumstick (with skin)	piece(s) of {organism} drumstick (with skin, raw)	2	. . . . piece(s) of {organism} drumstick (with skin, raw)	FOODON:02010303		
								
animal	PieceOfAnimalMenu	piece of {organism} meat	piece of {organism} wing	0	piece of {organism} wing	FOODON:02010160		
animal	PieceOfAnimalMenu	piece of {organism} wing	piece of {organism} wing (raw)	1	. . piece of {organism} wing (raw)	FOODON:02010167		
animal	PieceOfAnimalMenu	piece of {organism} wing	piece of {organism} wing (with skin)	1	. . piece of {organism} wing (with skin)	FOODON:02010199		
animal	PieceOfAnimalMenu	piece of {organism} wing (with skin)	piece of {organism} wing (with skin, raw)	2	. . . . piece of {organism} wing (with skin, raw)	FOODON:02010200		
animal	PieceOfAnimalMenu	piece of {organism} wing	piece of {organism} wing (skinless)	1	. . piece of {organism} wing (skinless)	FOODON:02010201		
animal	PieceOfAnimalMenu	piece of {organism} wing (skinless)	piece of {organism} wing (skinless, raw)	2	. . . . piece of {organism} wing (skinless, raw)	FOODON:02010202		
animal	PieceOfAnimalMenu	piece(s) of {organism} meat	piece(s) of {organism} wing	0	piece(s) of {organism} wing	FOODON:02010277		
animal	PieceOfAnimalMenu	piece(s) of {organism} wing	piece(s) of {organism} wing (raw)	1	. . piece(s) of {organism} wing (raw)	FOODON:02010284		
animal	PieceOfAnimalMenu	piece(s) of {organism} wing	piece(s) of {organism} wing (skinless)	1	. . piece(s) of {organism} wing (skinless)	FOODON:02010293		
animal	PieceOfAnimalMenu	piece(s) of {organism} wing (skinless)	piece(s) of {organism} wing (skinless, raw)	2	. . . . piece(s) of {organism} wing (skinless, raw)	FOODON:02010297		
animal	PieceOfAnimalMenu	piece(s) of {organism} wing	piece(s) of {organism} wing (with skin)	1	. . piece(s) of {organism} wing (with skin)	FOODON:02010301		
animal	PieceOfAnimalMenu	piece(s) of {organism} wing (with skin)	piece(s) of {organism} wing (with skin, raw)	2	. . . . piece(s) of {organism} wing (with skin, raw)	FOODON:02010305		
								
animal	PieceOfAnimalMenu	piece of {organism} meat	piece of {organism} neck	0	piece of {organism} neck	FOODON:02010161		
animal	PieceOfAnimalMenu	piece of {organism} neck	piece of {organism} neck (raw)	1	. . piece of {organism} neck (raw)	FOODON:02010168		
animal	PieceOfAnimalMenu	piece of {organism} neck	piece of {organism} neck (with skin)	1	. . piece of {organism} neck (with skin)	FOODON:02010191		
animal	PieceOfAnimalMenu	piece of {organism} neck (with skin)	piece of {organism} neck (with skin, raw)	2	. . . . piece of {organism} neck (with skin, raw)	FOODON:02010192		
animal	PieceOfAnimalMenu	piece of {organism} neck	piece of {organism} neck (skinless)	1	. . piece of {organism} neck (skinless)	FOODON:02010193		
animal	PieceOfAnimalMenu	piece of {organism} neck (skinless)	piece of {organism} neck (skinless, raw)	2	. . . . piece of {organism} neck (skinless, raw)	FOODON:02010194		
animal	PieceOfAnimalMenu	piece(s) of {organism} meat	piece(s) of {organism} neck	0	piece(s) of {organism} neck	FOODON:02010278		
animal	PieceOfAnimalMenu	piece(s) of {organism} neck	piece(s) of {organism} neck (raw)	1	. . piece(s) of {organism} neck (raw)	FOODON:02010285		
								
animal	PieceOfAnimalMenu	piece of {organism} meat	piece of {organism} back	0	piece of {organism} back	FOODON:02010162		
animal	PieceOfAnimalMenu	piece of {organism} back	piece of {organism} back (raw)	1	. . piece of {organism} back (raw)	FOODON:02010169		
animal	PieceOfAnimalMenu	piece of {organism} back	piece of {organism} back (skinless)	1	. . piece of {organism} back (skinless)	FOODON:02010181		
animal	PieceOfAnimalMenu	piece of {organism} back (skinless)	piece of {organism} back (skinless, raw)	2	. . . . piece of {organism} back (skinless, raw)	FOODON:02010182		
animal	PieceOfAnimalMenu	piece of {organism} back	piece of {organism} back (with skin)	1	. . piece of {organism} back (with skin)	FOODON:02010183		
animal	PieceOfAnimalMenu	piece of {organism} back (with skin)	piece of {organism} back (with skin, raw)	2	. . . . piece of {organism} back (with skin, raw)	FOODON:02010184		
animal	PieceOfAnimalMenu	piece(s) of {organism} meat	piece(s) of {organism} back	0	piece(s) of {organism} back	FOODON:02010279		
animal	PieceOfAnimalMenu	piece(s) of {organism} back	piece(s) of {organism} back (raw)	1	. . piece(s) of {organism} back (raw)	FOODON:02010286		
								
animal	PieceOfAnimalMenu	piece of {organism} meat	piece of {organism} leg	0	piece of {organism} leg	FOODON:02010163		
animal	PieceOfAnimalMenu	piece of {organism} leg	piece of {organism} leg (raw)	1	. . piece of {organism} leg (raw)	FOODON:02010170		
animal	PieceOfAnimalMenu	piece of {organism} leg	piece of {organism} leg (cubed)	1	. . piece of {organism} leg (cubed)	FOODON:02010171		
animal	PieceOfAnimalMenu	piece of {organism} leg (cubed)	piece of {organism} leg (cubed, raw)	2	. . . . piece of {organism} leg (cubed, raw)	FOODON:02010172		
animal	PieceOfAnimalMenu	piece of {organism} leg	piece of {organism} leg (with skin)	1	. . piece of {organism} leg (with skin)	FOODON:02010173		
animal	PieceOfAnimalMenu	piece of {organism} leg (with skin)	piece of {organism} leg (with skin, raw)	2	. . . . piece of {organism} leg (with skin, raw)	FOODON:02010174		
animal	PieceOfAnimalMenu	piece of {organism} leg	piece of {organism} leg (skinless)	1	. . piece of {organism} leg (skinless)	FOODON:02010175		
animal	PieceOfAnimalMenu	piece of {organism} leg (skinless)	piece of {organism} leg (skinless, raw)	2	. . . . piece of {organism} leg (skinless, raw)	FOODON:02010176		
animal	PieceOfAnimalMenu	piece(s) of {organism} meat	piece(s) of {organism} leg	0	piece(s) of {organism} leg	FOODON:02010280		
animal	PieceOfAnimalMenu	piece(s) of {organism} leg	piece(s) of {organism} leg (raw)	1	. . piece(s) of {organism} leg (raw)	FOODON:02010287		
animal	PieceOfAnimalMenu	piece(s) of {organism} leg	piece(s) of {organism} leg (cubed)	1	. . piece(s) of {organism} leg (cubed)	FOODON:02010288		
animal	PieceOfAnimalMenu	piece(s) of {organism} leg (cubed)	piece(s) of {organism} leg (cubed, raw)	2	. . . . piece(s) of {organism} leg (cubed, raw)	FOODON:02010289		
								
animal	PieceOfAnimalMenu	piece(s) of {organism_base}	piece(s) of {organism} organ	0	piece(s) of {organism} organ	FOODON:02010241		
animal	PieceOfAnimalMenu	piece(s) of {organism} organ	piece(s) of {organism} organ (raw)	1	. . piece(s) of {organism} organ (raw)	FOODON:02010257		
animal	PieceOfAnimalMenu	piece(s) of {organism} organ	piece(s) of {organism} skin	1	. . piece(s) of {organism} skin	FOODON:02010242		
animal	PieceOfAnimalMenu	piece(s) of {organism} organ (raw)	piece(s) of {organism} skin (raw)	2	. . . . piece(s) of {organism} skin (raw)	FOODON:02010258		
animal	PieceOfAnimalMenu	piece(s) of {organism} organ	piece(s) of {organism} heart	1	. . piece(s) of {organism} heart	FOODON:02010243		
animal	PieceOfAnimalMenu	piece(s) of {organism} heart	piece(s) of {organism} heart (raw)	2	. . . . piece(s) of {organism} heart (raw)	FOODON:02010259		
animal	PieceOfAnimalMenu	piece(s) of {organism} organ	piece(s) of {organism} brain	1	. . piece(s) of {organism} brain	FOODON:02010244		
animal	PieceOfAnimalMenu	piece(s) of {organism} brain	piece(s) of {organism} brain (raw)	2	. . . . piece(s) of {organism} brain (raw)	FOODON:02010260		
animal	PieceOfAnimalMenu	piece(s) of {organism} organ	piece(s) of {organism} kidney	1	. . piece(s) of {organism} kidney	FOODON:02010245		
animal	PieceOfAnimalMenu	piece(s) of {organism} kidney	piece(s) of {organism} kidney (raw)	2	. . . . piece(s) of {organism} kidney (raw)	FOODON:02010261		
animal	PieceOfAnimalMenu	piece(s) of {organism} organ	piece(s) of {organism} liver	1	. . piece(s) of {organism} liver	FOODON:02010246		
animal	PieceOfAnimalMenu	piece(s) of {organism} liver	piece(s) of {organism} liver (raw)	2	. . . . piece(s) of {organism} liver (raw)	FOODON:02010262		
animal	PieceOfAnimalMenu	piece(s) of {organism} organ	piece(s) of {organism} spleen	1	. . piece(s) of {organism} spleen	FOODON:02010247		
animal	PieceOfAnimalMenu	piece(s) of {organism} spleen	piece(s) of {organism} spleen (raw)	2	. . . . piece(s) of {organism} spleen (raw)	FOODON:02010263		
animal	PieceOfAnimalMenu	piece(s) of {organism} organ	piece(s) of {organism} lung	1	. . piece(s) of {organism} lung	FOODON:02010248		
animal	PieceOfAnimalMenu	piece(s) of {organism} lung	piece(s) of {organism} lung (raw)	2	. . . . piece(s) of {organism} lung (raw)	FOODON:02010264		
animal	PieceOfAnimalMenu	piece(s) of {organism} organ	piece(s) of {organism} gizzard	1	. . piece(s) of {organism} gizzard	FOODON:02010249		
animal	PieceOfAnimalMenu	piece(s) of {organism} gizzard	piece(s) of {organism} gizzard (raw)	2	. . . . piece(s) of {organism} gizzard (raw)	FOODON:02010265		
animal	PieceOfAnimalMenu	piece(s) of {organism} organ	piece(s) of {organism} tongue	1	. . piece(s) of {organism} tongue	FOODON:02010250		
animal	PieceOfAnimalMenu	piece(s) of {organism} tongue	piece(s) of {organism} tongue (raw)	2	. . . . piece(s) of {organism} tongue (raw)	FOODON:02010266		
animal	PieceOfAnimalMenu	piece(s) of {organism} organ	piece(s) of {organism} thymus	1	. . piece(s) of {organism} thymus	FOODON:02010251		
animal	PieceOfAnimalMenu	piece(s) of {organism} thymus	piece(s) of {organism} thymus (raw)	2	. . . . piece(s) of {organism} thymus (raw)	FOODON:02010267		
animal	PieceOfAnimalMenu	piece(s) of {organism} organ	piece(s) of {organism} pancreas	1	. . piece(s) of {organism} pancreas	FOODON:02010252		
animal	PieceOfAnimalMenu	piece(s) of {organism} pancreas	piece(s) of {organism} pancreas (raw)	2	. . . . piece(s) of {organism} pancreas (raw)	FOODON:02010268		
animal	PieceOfAnimalMenu	piece(s) of {organism} organ	piece(s) of {organism} ovary	1	. . piece(s) of {organism} ovary	FOODON:02010253		
animal	PieceOfAnimalMenu	piece(s) of {organism} ovary	piece(s) of {organism} ovary (raw)	2	. . . . piece(s) of {organism} ovary (raw)	FOODON:02010269		
animal	PieceOfAnimalMenu	piece(s) of {organism} organ	piece(s) of {organism} testicle	1	. . piece(s) of {organism} testicle	FOODON:02010254		
animal	PieceOfAnimalMenu	piece(s) of {organism} testicle	piece(s) of {organism} testicle (raw)	2	. . . . piece(s) of {organism} testicle (raw)	FOODON:02010270		
animal	PieceOfAnimalMenu	piece(s) of {organism} organ	piece(s) of {organism} stomach	1	. . piece(s) of {organism} stomach	FOODON:02010255		
animal	PieceOfAnimalMenu	piece(s) of {organism} stomach	piece(s) of {organism} stomach (raw)	2	. . . . piece(s) of {organism} stomach (raw)	FOODON:02010271		
animal	PieceOfAnimalMenu	piece(s) of {organism} organ	piece(s) of {organism} ear	1	. . piece(s) of {organism} ear	FOODON:02010256		
animal	PieceOfAnimalMenu	piece(s) of {organism} ear	piece(s) of {organism} ear (raw)	2	. . . . piece(s) of {organism} ear (raw)	FOODON:02010272		